health_zone,lng,lat
Katwa,29.374203,0.117155
Kisangani,25.2057292,0.5184021
Goma,29.225652,-1.6665685
Opala,24.2298322,-0.5096558
Bunia,30.2478844,1.5620529
Butembo,29.2919545,0.1249694
Waine-Rukula,25.5297827,0.1949971
Ubundu,25.43209,-0.357654
Kibirizi,29.2030412,-0.9081175
Oicha,29.5172722,0.6967778
Sake,29.053624,-1.571281
Île Dagambwa,29.0909252,-1.8867459
Île Mutuza,29.1099969,-1.8958374
Île Mukonde,29.0789132,-1.9251483
Rugerero,29.3006011,-1.690949
Kabinzi,29.2837523,-1.6882149
Île Kabanga,29.1003709,-1.9055898
Yangambi,24.4733629,0.7658281
Epulu,28.5711433,1.4030422
Libokora,29.644707,0.3487047
Sikwakira,29.4903189,0.6324798
Kipese,29.2919205,-0.2382728
Beni,29.4653222,0.4939335
Butusande,29.4304991,-1.148074
Yandumba,25.3444956,1.7030502
Mpondwe,29.7256638,0.0396372
Isangi,24.2690944,0.7795426
Kanyabayonga,29.170316,-0.70048
Kitchanga,29.0607175,-1.2504197
Kyeshero,29.6171005,-0.9122912
Rugando,29.6103739,-0.9323261
Adusa,28.001129,1.404476
Babeke,28.0430385,1.3979495
Talisa Lokele,27.9760664,1.3368607
Basiri,27.9741978,1.3292838
Bomili,27.0032919,1.6572
Nduye,28.9983754,1.8291163
Mambasa,29.035422,1.360333
Banalia,25.3200682,1.5564193
Ekwe,29.0495,1.4555556
Tsumbi,29.0511608,1.4912723
Panga,26.3979388,1.8453341
Bengamisa,25.2119795,0.9259861
Bobende,25.319433,1.5753864
Zambeke,25.3800295,1.7955325
Bangwaze,25.4009722,1.9116864
Nyanya,27.6074223,1.4073372
Komanda,29.7886362,1.3626729
Boikene,29.4920356,0.5392725
Mbau,29.4987496,0.6529085
Kokola,29.6001822,0.782157
Eringeti,29.6123668,0.8518641
Kasindi,29.6896178,0.0469556
Pasisi,29.4073826,0.5038549
Bingo,29.320859,0.5230836
Home,29.3235865,0.5572285
Matango,29.2931101,0.6123877
Lebia,29.2551258,0.6193911
Mapelenga,29.2559565,0.645293
Maperanga,29.2501354,0.6709106
Biakato,29.2582865,0.8529923
Luengba,29.2055327,0.9701042
Mamumbu,29.2333419,0.9179262
Walikale,28.0764028,-1.4300801
Kitika,28.3646121,-1.2082977
Lubero,29.2385988,-0.1586686
Lubunga,25.1882325,0.4941255
Butogota,29.6365274,-0.8863694
Kinisya,29.6343666,-0.9338874
Katembe,29.647276,-0.938514
Samaria,29.632069,-0.955522
Iraaro,29.649648,-0.953989
Nyanga,29.6645838,-0.738767
Nyamigoye,29.68297,-0.8359897
Kameme,29.728539,-0.614681
Biruwe,27.6019568,-1.2111692
Ishasha,29.6237326,-0.7369369
Busobe,29.0909603,-2.0175215
Ruwominka,29.0687014,-1.9472566
Chabalamba,29.079286,-2.0378982
Nkola,29.0707583,-2.0378194
Kashiraboba,29.056938,-2.0658596
Bushonga,29.0843167,-2.0146074
Kihumba,29.0979511,-1.9429724
Bugarula,29.0614728,-2.0550581
Ngula,29.0568332,-2.0710922
Bulega,29.0601415,-2.0675301
Shayo,29.1080371,-2.0310227
Bukenge,29.0571639,-2.0495889
Lweza,29.0572276,-2.0973131
Tchinji,29.0722693,-2.0429421
Muganzo,29.0746488,-1.9958518
Lukonde,29.0768676,-2.0927556
Bweshu,29.0902167,-2.0423694
Kamole,29.0865229,-1.9912714
Kishumbu,29.108721,-2.0479651
Bumpeta,29.0562044,-2.06108
Makutano,29.0561538,-1.9651654
Bukole,29.0584954,-1.9855496
Buyumbu,29.0753934,-1.9439175
Bushusha,29.0508869,-1.9794563
Bulehe,29.0890821,-2.0018263
Kishumbu,29.093293,-2.0268924
Lumala,29.0595474,-2.0379686
Mulamba,29.0847361,-2.0080177
Bunyakiri,29.0855738,-2.0030849
Isingo,29.0978657,-1.9546111
Ntaligeza,29.0781537,-1.9241707
Misimbwe,29.0533732,-2.0957505
Mafula,29.0420642,-2.095723
Bukumbi,29.1011217,-2.0222581
Katonda,29.0527689,-1.9970509
Kimalamungo,29.0641333,-2.0097659
Chugi,29.1014725,-1.9354672
Mulungu,29.0472748,-1.9910409
Muziri,29.0748378,-2.052899
Bukinanyana,29.1003889,-2.0382039
Kibale,29.0580363,-2.0131539
Buruhuka,29.0953775,-2.0133695
Sakiro/Kishenyi,29.0654467,-2.0158585
Kisheke,29.0690363,-2.0815545
Butaraga,29.0835701,-1.9571343
Kagushu,29.062766,-2.0698631
Tayna,28.9333328,-0.3500001
Kasugho,29.0003,-0.2559
Karongo,29.1885833,-0.1960001
Kagheri,29.125139,-0.219444
Ngango,29.1744832,-0.2114001
Katumbi,29.21522,-0.22768
Kitowa,29.1759001,-0.1987501
Migheri,29.1815334,-0.2040001
Lukuveve,29.19016,-0.3965
Alimbongo,29.15618,-0.36879
Niania,29.12737,-0.42227
Vutsorovia,29.17283,-0.39384
Musindi,29.1495363,-0.3605991
Mambosa,29.15865,-0.34357
Bingi,29.0786372,-0.4078914
Gunda,29.11141,-0.36969
Kiribata,29.316173,-0.386186
Kalimba,29.320678,-0.397993
Kirikiri,29.312956,-0.36475
Kayna,29.1726706,-0.6091681
Mbwavinwa,29.0056857,-0.5703064
Musange,29.1480559,-0.6910279
Kanyatsi,29.0454245,-0.5430035
Kibanda,29.1437,-0.62126
Mulinde,29.05512,-0.7062
Luofu,29.112971,-0.6167635
Lulinde,29.06047,-0.75327
Kasiki,29.0690212,-0.5883
Bwasinge,29.1487219,-0.520189
Bukomerwa,29.1155,-0.5248
Kilambo,29.17866,-0.73408
Burangiza,29.172,-0.72408
Bulotwa,29.1766669,-0.586667
Matalimbo,28.5760767,-0.1919663
Itunduliro,29.388653,-0.030836
Karuruma,29.5230015,0.0288167
Vulera,29.389594,-0.105483
Kyondo,29.45307,-0.07985
Kyatenga,29.377329,-0.032376
Lukanga,29.302222,-0.056111
Mumole,29.396777,-0.068766
Kyondo,29.4019447,0.0049332
Age,29.5094441,-0.163889
Musalala,29.5525001,-0.0825001
Vulimiro,29.385851,-0.032434
Kyangendi,29.5177777,-0.0016666
Kibwe,29.377377,-0.087803
Kiwanza,29.5155556,-0.0466667
Ngangatiro,29.454805,-0.043217
Lunyasenge,29.294241,-0.296076
Mwalika,29.5166671,-0.0833329
Mukoku,29.384394,-0.028986
Vuserio,29.384301,-0.098406
Masiki Kalonge,29.40339,0.00194
Kamole,29.3831697,-0.0982462
Loutu,29.316667,-0.116667
Matenga,29.46113,-0.036968
Kivuwe,29.5108333,-0.0013889
Lukanga,29.3500001,-0.1500001
Bwalyana,29.390184,-0.100148
Bulambo,29.4000001,-0.2
Kaseya,29.325718,-0.026838
Ndalihya,29.5477776,-0.0741666
Kaliro Mangina,29.393665,-0.113519
Museya,29.5251109,-0.076638
Luhotu,29.34705,-0.0142
Kyasenda,29.5049999,-0.0511111
Mavono,29.396717,-0.070001
Vurondo,29.516395,-0.041106
Kaseghe,29.1760056,-0.489608
Mambia,29.1044722,0.3266111
Maboya,29.17651,0.1022
Kalengehya,29.6487506,0.1406763
Bituhe,29.26607,0.21067
Kamusonge,29.330417,0.175933
Mabingi Centre,29.27531,0.36656
Karongo,29.1885833,0.196
Kanyihunga Mambira,29.38876,0.26311
Lose,29.0475833,0.3831111
Makusa,29.2305276,0.2825001
Lughatika,29.2195,0.234583
Kalundu,29.1171667,0.3004167
Ndalihya,29.4402,0.0357833
Katambi,29.1988611,0.1484722
Ngazi,29.1580878,0.4171877
Makungwe,29.4713917,0.152525
Ngango,29.1759001,0.1987501
Kikyo,29.31035,0.166383
Malio,29.39604,0.26733
Musenge,29.1272222,0.2584444
Makumo,29.1186111,0.2950917
Lumba,29.0395556,0.3424167
Visiki,29.23398,0.38391
Kasaka,29.648179,0.1629895
Vusamba,29.16571,0.02376
Pombi,29.0923611,0.3378333
Kinihya,29.4305501,0.0904167
Misebere Ya Katumba,29.241683,0.230183
Misebere,29.245267,0.237483
Musasa,29.13287,-0.0813
Manzeku,29.0596944,0.2330278
Ngubi,29.1286111,0.2935556
Vwikya,29.5186111,0.1930556
Malende,29.22994,0.12369
Itendi,29.0328056,0.2545556
Lubro,29.2483328,0.145
Mukondo,29.308817,0.149783
Vusegheseghe,29.309417,0.157683
Kivungha,29.14794,0.08225
Mundiba,29.3079499,0.3085332
Kisitu,29.32,0.157883
Kisesa,29.2097279,0.1989972
Kalengere,29.3222,0.1472
Ndiba,29.2203889,0.300389
Mashua,29.1821112,0.3540279
Vunzuli,29.122,0.2531944
Mihanga,29.1008889,0.2671667
Ngongi,29.112953,0.067353
Bulambo,29.42054,0.20381
Kivombo,29.4691666,0.1925
Ngundi,29.2126388,0.3084166
Leproserie,29.316983,0.0925
Vuvo,29.1190833,0.20025
Kamirihi,29.0908333,0.2865556
Vunyondo,29.3071334,0.3161666
Vukoka,29.2091944,0.2890834
Mutitiro,29.248633,0.243617
Kitamyaka,29.4969445,0.1899999
Vuyinga,29.05104,0.06038
Kalenguko,29.0128889,0.2655278
Mbungwe,29.4604,0.0664
Vingyo,29.0497222,0.2176667
Tako,29.4347221,0.1088888
Kaniyi,29.1304444,0.2721944
Migheri,29.1744832,0.2114001
Bwalengire,29.16135,-0.05063
Tutu,29.2908334,0.3595
Luvika,29.0813611,0.2266111
Buma Malepe,29.2196945,0.3045555
Lukomo,29.4358333,0.06575
Lukono,29.475,0.3125
Mabambi,29.12427,0.07434
Kitolu Mbilinga,29.2200001,0.3505
Kitongote,29.6421259,0.1142712
Kitowa,29.1885833,0.2026334
Kitulu,29.0497778,0.2484167
Maghombi,29.2390834,0.3065278
Mabami,29.1155558,-0.0694439
Kikyo,29.17623,-0.0521
Manzabya,29.1350556,0.2551111
Mambombo Masangi,29.2043887,0.4098056
Beme,29.1728056,0.1688917
Runzai,29.1724445,0.4159444
Kiragho,29.1731944,0.1680278
Ivatama,29.3229,0.151167
Mambango,29.4132552,0.4878861
Kalundu,29.08437,0.07301
Vulima,29.1143056,0.265
Kivombo,29.4668167,0.05855
Kivetia,29.31643,0.20917
Vuhira,29.319433,0.160933
Kasese,29.2876387,0.3716944
Kanyatsi-Irangi,29.2720556,0.2841667
Vurondo Centre,29.1666668,0.2666671
Mukohwa,29.1572778,0.2461111
Bitumbi,29.09705,0.06648
Vupereghe,29.0616389,0.2571389
Buyiga,29.06453,0.04142
Bulengera,29.335167,0.144733
Magheria,29.4552833,0.0351833
Vusumba,29.2992332,0.2866501
Musalala,29.4404833,0.05195
Misugho Centre,29.1666668,0.2
Isale-Bulambo,29.35764,0.19414
Mambena,29.2255279,0.4183055
Mambasa,29.0648889,0.2736111
Kaseghe,29.2821833,0.3267166
Vukembe,29.2348332,0.2913056
Mukoku,29.6568882,0.1715524
Ndavakwa,29.2018611,0.1249722
Vulambayiri,29.2452221,0.3690277
Muhangi,29.09535,0.03389
Mwiri,29.32535,0.149067
Masiki Kalonge,29.27196,0.21146
Kitongote,29.4604833,0.05395
Kanimba,29.2076388,0.2989166
Karongo,29.1668832,0.1909334
Maboya,29.33922,0.28002
Mangimu,29.0248333,0.2552222
Mapata,29.2729717,0.4426891
Kyavisogho,29.2477666,0.32195
Katwikira,29.311283,0.149467
Vuhesi,29.061913,0.031031
Mambengi,29.29815,0.32453
Kivisire,29.299733,0.1523
Nzalihwa,29.0788889,0.2011389
Chavisale,29.4287,0.22931
Kivinduliro,29.2931665,0.3586944
Miriki,29.13406,-0.07867
Kyondo,29.1666668,-0.05
Mabuku,29.3044723,0.3216389
Lubana,29.1031389,0.2264167
Ngere,29.09225,0.3324722
Kivugha,29.16376,0.09423
Kivandya,29.46235,0.05625
Kyalamahendi,29.0826944,0.1997222
Vuhima,28.980361,0.096122
Mbata,29.122,0.2310556
Musingiri,29.222725,0.118007
Magherya,29.5380554,0.0641667
Misugho,29.1815334,0.2040001
Bukoka,29.0835,0.3609444
Kivira,29.2228333,0.2838889
Katimbya,29.093067,-0.099114
Kipabashi,29.1202499,0.4808889
Mako,29.0575556,0.294
Wayene,29.322733,0.15715
Mbangi,29.138844,0.080367
Kenge Kitara,29.1187224,0.40225
Butengwa,29.0552,0.06198
Chavisale,29.4186,0.20551
Mavono,29.3176,0.17285
Baswagha,29.1581,0.01914
Kavali,29.1499722,0.3061389
Makerere,29.300717,0.149283
Lukono,29.0635,0.3189194
Kisunga,29.4360833,0.0828499
Masoya,29.1093333,0.2943333
Mikama,29.2517,0.25665
Vusinge,29.1136944,0.28675
Mandelya,29.2754167,0.3570278
Kivandya,29.6558334,0.1541667
Mutwanga,29.74576,0.32893
Bulongo,29.69288,0.32609
Vuteke,29.6811112,0.2752778
Kihondo,29.7302778,0.1927777
Mwenda,29.7699471,0.4101911
Bahambu,29.74627,0.32357
Kyavitumbi,29.74286,0.33817
Kalivuli,29.6972222,0.2844444
Malambo,29.67799,0.32534
Kilia,29.63,0.3578
Obengebenge,25.0423313,-1.3864199
Litoko,24.7761282,-1.0316649
Mohera,24.7494482,-1.0440153
Shemakongolo,27.8199166,-1.2979166
Bitule,27.044331,-0.9631771
Filo,28.2014932,-1.6290739
Makote,27.3363459,-1.0716633
Lisala,28.1039339,-1.2361329
Balambankoko,27.7336388,-1.2796918
Ruvungi,28.279674,-1.175709
Otobora,28.3802782,-1.7430561
Kasuka,28.3449352,-1.19711
Mafombi,27.6551261,-1.2592941
Molisho,27.3497594,-1.0945419
Mitusenge,28.0867298,-1.31892
Mundindi,27.3718842,-1.1192394
Lekesa,28.0656943,-1.2538889
Nyamiala,28.081242,-1.603035
Utufalu,27.4986945,-1.190099
Kibua,28.4162519,-1.233965
Bucaguzi,28.1062328,-1.502657
Mutakato I,28.0708888,-1.2678889
Mutiko,28.2104809,-1.623463
Mubi,27.8568782,-1.2951881
Mbeki,26.8128493,-0.8594384
Osso,27.2709493,-1.0273701
Wenga,28.094512,-1.3634
Makaki,28.0770419,-1.593895
Shabunda,28.079203,-1.233531
Tusoki,28.1593001,-1.679699
Karumya,28.1390832,-1.5249722
Tutero,28.0645556,-1.2306944
Musenge,28.2649432,-1.6149861
Olema,27.7026946,-1.2780613
Tingitingi,26.6319754,-0.7810605
Amisi,27.1123482,-1.0069598
Muteke,28.1227072,-1.6663091
Mutongo,28.0922512,-1.348571
Rekesha,27.9541921,-1.3285463
Majaliwa,28.0436667,-1.3823611
Nyamukaka,28.0562778,-1.3934167
Mutoyo,27.966273,-1.3301103
Kampala,28.0990231,-1.475827
Mutakato II,28.0703611,-1.2879444
Ndjingala,27.7720121,-1.2782156
Tendelukala,28.070604,-1.2907221
Kanyama,27.7273757,-1.2788242
Mufuti,28.3524998,-1.6808331
Kembe,28.2683981,-1.173072
Mayuwano,27.7908056,-1.2776389
Nkumbwa,28.1362831,-1.2473449
Nyandakala,27.8490276,-1.2963055
Obomongo,27.2481396,-1.0137783
Likoka,28.0839168,-1.5796667
Eliba I & II,27.8273887,-1.2985278
Burumu,28.359292,-1.205793
Bunyampuli,28.3034858,-1.1777349
Katanga,28.092753,-1.234566
Logu,27.6871617,-1.2677168
Amasla,26.7965313,-0.8562238
Kumianga,27.0638265,-0.9847232
Tenderukara,28.0679167,-1.28375
Itebero,28.1317759,-1.6769201
Nyasi,28.1126452,-1.518214
Botokolo,27.3086572,-1.0339236
Kasindi,28.1069662,-1.637019
Boboro,27.9397047,-1.3261137
Katindo,28.0600425,-1.3967814
Bulambo,28.10353,-1.493993
Mubanda,28.091866,-1.401002
Savieme,28.172943,-1.678139
Densite,27.7632778,-1.2810278
Obolongo,26.7656417,-0.8477983
Lukumbi,27.3442116,-1.0861224
Lukonda,28.1929511,-1.638873
Birengeti,28.0961071,-1.3800549
Nyamitaba 1,28.0438621,-1.383116
Kakuku,28.0501945,-1.3936667
Osokari,27.8111368,-1.29232
Busisi,28.0947499,-1.5406389
Busao,28.1335835,-1.2447223
Obianda,27.6454184,-1.2519682
Ochakasa,26.6120253,-0.7633952
Kigoma,28.2005212,-1.200038
Isanga,27.78625,-1.2759167
Munangili,28.2247097,-1.1744142
Mabenga,27.4810429,-1.179077
BanaKabutwa,28.1238332,-1.2421944
Matenda,27.7406111,-1.2793056
Kabamba,28.2282509,-1.619613
Tengeza,27.6238285,-1.2199166
Mera,28.402628,-1.235901
Kirundu,28.0133567,-1.3627308
Umaema,26.7315502,-0.8310211
Kibati Utfalo,27.4210315,-1.1408308
Ngora,28.0932959,-1.3378419
Katete,28.0810555,-1.5499722
Mungele,27.1617004,-1.0034986
Busayu,28.128704,-1.2424729
Nyamakombola,28.1156231,-1.648058
Lowa,28.078277,-1.5550939
Bunesa,28.112359,-1.239132
Boboro,27.6328333,-1.3302222
Butua,28.1246666,-1.5206944
Munyanya,27.3852481,-1.1231474
Nyamianda,28.0930039,-1.3885521
Mika,28.0812222,-1.5670555
Kabunga,28.167403,-1.6784271
Kinkambe,28.0679349,-1.420593
Kabangwa,28.1135556,-1.5220834
Kayilenge,28.175729,-1.239969
Nyamitaba II,28.0346473,-1.3749109
Kingombe,27.2134905,-1.0085117
Nyakatanda,28.2205501,-1.622786
Mutakato III,28.0700276,-1.2685
Kabusa,27.8439721,-1.2972221
Kakumbi,28.0480384,-1.3898088
Irangi,28.4347222,-1.8338889
Mpofi,28.2030739,-1.174295
Katoto,27.9249167,-1.3215001
Kakundu,28.0991182,-1.5395689
Musimya,28.120702,-1.2410139
Bambue,25.2650556,1.1395556
Babunda,27.6966667,1.4044444
Avakubi,27.5563889,1.3111111
Biaro Rail,25.3214194,-0.2356222
Sometra I,25.5321389,0.1971389
Bamboloi II,25.2106667,0.9235833
Salate,28.3888889,1.4052778
Bayakiadu,25.19775,0.8731111
Molokayi,28.2780556,1.4363889
Badumbu,27.3461111,1.1361111
Kilimamweza,28.9547222,1.3619722
Kanyonyo,25.5003944,-0.8308
Batikobabo,25.1459167,0.3865556
Babula,25.1128889,0.6052222
Madidi,29.0326389,1.3712778
Bambane II,25.1928889,0.6643611
Bahaha,29.3561944,1.3958056
Alima,29.0525278,1.4008056
Kirundu,25.517238,-0.794003
Kisesa,25.2525556,0.3232583
Kipokoso,25.5202811,0.1967653
Bambae,25.2225556,0.7843333
Koko,29.0333333,1.3530833
Abanganbo,25.3153056,1.5437778
Batshiabombi,25.1155556,0.6134444
Bafwapoka,27.4713889,1.2016667
Gabon,29.0404722,1.3558333
Lubamba II,25.4362778,-0.3623611
Batiapanga,25.4041667,0.3616944
Makoko 2,29.0438056,1.43075
Babombilo,25.3743889,0.4494167
Manya,29.1558611,1.3501111
Parana,28.906,1.3833611
Batshombele,25.1155556,0.6182222
Bafwakoa,27.935,1.3938889
Bafwazana,27.1610638,1.0144829
Lubamba I,25.4259444,-0.3600833
Mirindi,29.0320278,1.3605833
Pekele,29.0931111,1.3535
Gbadolite,25.1374444,0.3460833
Belgika,25.2439722,1.0049722
Bamini,25.1520556,0.3723889
Badengayido,28.0752778,1.4094444
Mabukulu,29.2159722,1.3452778
Alambi,28.8946315,1.9596415
Jalo,30.7219439,1.820556
Dhero,30.6581,1.8226111
Loda II,30.8530833,2.0181111
Ngiri,30.6350278,2.1304167
Noga,30.7016667,2.01825
Bule,30.5831111,1.9575556
Donga,30.8361389,2.0183611
Jupalaju,30.9361944,1.9473333
Langbe,30.6518,1.7943056
Dhera,30.6084722,2.11775
Denga,30.8870833,2.0338333
Djupalang'U,30.8743333,2.1221389
Lodo,30.7555,1.9089444
Cong'A,30.8858889,1.9818056
Ramogi,31.0533329,2.0433331
Djaibu,30.8336667,2.0046389
Asoko,30.9370556,1.9503333
Kilo,30.8687778,1.9815278
Jiba,30.6981667,1.87925
Tsulo Akpa,30.7987778,1.9435833
Kaa,30.6459167,1.9575833
Wi-Vu,30.9196111,1.9293333
Lowe,30.657,1.8478889
Linga,30.7398889,2.0274167
Djukwa,30.6198056,2.1258889
Gola,30.8631389,1.9992778
Ngakpa,30.7972778,1.9593333
Bika,30.7182222,2.0236111
Djeikpa I,30.83925,2.0274444
Udoda,30.8116944,1.9397778
Kpalo,30.6785278,1.8416667
Tsokpa,30.7555,1.9063611
Upendji,30.8916667,2.0058889
Muguma,30.9733611,1.9458611
Drakpa,30.8568333,2.0053056
Mokambo,31.045833,2.041667
Gudjo,30.5807222,2.1329167
Ngokoni,30.6571667,2.00675
Loda,30.8928611,1.9949167
Bulo,30.8931389,2.03325
Golo,30.6457778,1.8705278
Ureli,30.8955278,2.0274167
Adja,30.6763056,1.9320556
Aboro,30.86807,1.9946701
Kasselli,30.5961944,1.8775833
Kpambuni,30.5793611,2.0899722
Valo,30.8089167,1.9422778
Arr,30.6074444,1.9138889
Londoni,30.6246389,2.0539444
Longekpa,30.8111111,1.9490833
Talikpa,30.6677778,1.8631111
Laudgu,30.6338333,1.8130778
Djeimbu,30.8433611,2.0256389
Fataki,30.5853056,1.9891778
Jibe,30.6745,1.8603611
Zuka,30.1079722,2.1259167
Kasingwa,30.93575,1.9628889
Kpaya,30.866,2.0331944
Tseka,30.6646667,2.0144167
Jiri,30.6316,1.7922778
Kakabasi,30.1208611,2.1177222
Jamtho,30.9084722,2.0906944
Djupamamba,30.8998889,2.1329444
Mandefu,30.6271667,2.1284444
Bilo,30.6834167,2.0094444
Musaba,30.1047222,2.1161389
Dyago,30.8136389,1.9397222
Dhedda,30.6168,1.8185833
Zanze,30.6393889,2.0710833
Mulio,30.9310833,1.9288056
Ngabikpa,30.80225,1.9435833
Petro,30.6313056,1.8667222
Agenong'A,30.8449444,2.0326667
Ddido,30.6613,1.8141944
Jikpa,30.6612222,1.8587778
Kwandruma,30.8955556,2.0624444
Azida,30.8448889,2.0062778
Kpadha,30.6284,1.78975
Ndena,30.8535278,2.1054722
Walla,30.9301448,2.0500649
Gjoka,30.6963889,1.804167
Ngakpa,30.6124167,2.1182222
Dz'Bu,30.8186111,1.9573611
Mundoo,30.1126389,2.1295278
Ngelengele,30.8975833,2.0851111
Dhena,30.56825,2.0611944
Ngelu,30.7536944,1.9093056
Abubu,30.93,1.9403333
Sola,30.7352222,2.0125278
Mangungu,30.9072222,2.0824167
Lombu,30.6155052,2.1003437
Djupangima,30.8827222,2.1115
Lopa,30.6769167,2.0193889
Vedza,30.7966944,2.0378889
Godjoka,30.7453333,2.0291667
Konga,30.6664722,2.0664167
Ukumu,30.9084722,2.0901389
Dyamba,30.7215833,2.0307222
Mola,30.7896901,2.0625
Kwala,30.7623333,2.0330278
Ukumu,30.6994722,2.0788333
Sanduku,30.6321196,1.996285
Godjya,30.8320499,2.05161
Bseni,30.7722218,1.833056
Lalo,30.564,2.0581389
Djupavangbo,30.9402778,1.9572778
Djeika III,30.8127222,1.9513333
Nyabomba,30.9217778,1.9155833
Uke,30.7562778,1.9071667
Djupambaliko,30.8685833,2.1273056
Dhetsina,30.8269167,2.0473889
Lana,30.5453889,2.1037778
Kidikpa,30.8535278,1.9618056
Loinga,30.8095,1.9493889
Koda,30.90474,2.00032
Longavi,30.8126111,2.0868889
Bula,30.7445556,2.0860556
Buba,30.7976501,2.0223099
Gobu,30.7743589,1.7724222
Yingi,30.9041667,2.0871667
Zambi,30.9104701,2.0461499
Ngombu,30.6922222,2.0175278
Kangalabo,30.1276389,2.1282778
Dada,30.6980611,1.9013889
Kiloba II,30.5823611,2.0739167
Gissi,30.9311944,1.9334167
Djalusene,30.8770801,2.1231101
Thokuyuy,30.8551389,1.9705
R'Kpa,30.8223333,1.9372778
Point,30.8809444,2.0345278
Djupambisi,30.8858333,2.1278611
Dralo,30.5845556,2.1315833
Koro,30.8866667,2.0397222
Tchotum,30.8373056,2.0153611
Lomeya,30.6221347,2.0369103
Dzati,30.5789,2.0108333
Nyotha - Benezeth,30.8602778,1.9981667
Djailo,30.8193056,1.9575
Kpada,30.8604722,1.9736111
Jupumuswa,30.9775556,1.9461389
Lailo,30.8104444,2.0884444
Tembo,30.8432222,2.0263611
Libu,30.7159167,2.0201111
Gengere Pamoth,30.9945278,1.9448056
Lidha Kid,30.5880556,2.1025
Reti,30.8927599,2.09031
Emilio,30.8625278,1.9984444
Libi,30.6220395,2.0442369
Godu,30.8903889,2.0323333
Budza,30.91725,1.9149444
Djaiba,30.6041028,1.9852778
Lotha Kidoko,30.532,2.1344444
Ringe,30.8564722,2.0055278
Budza,30.8167778,2.0875
Atimnedi,30.8899444,2.0129444
Bali,30.7094167,2.0786111
Pakulo,30.9324722,1.9305833
Zasu,30.9098611,2.0973611
Mbuba,30.7945,1.9255556
Kipanya,29.9047223,0.6033334
Bwisegha IV,29.9007832,0.6459333
Musu,29.8678334,0.6141389
Lughali,29.8673056,0.6372222
Matolu,29.8697224,0.6126944
Butuba,29.8823056,0.6375
Nsungu III,29.9506835,0.6200666
Matolu III,29.8809166,0.6222223
Mulembo,29.8738611,0.6229722
Lutalika,29.9191667,0.6322222
Bwisegha,29.9000002,0.6333334
Kombo I,29.8703167,0.59974
Katumiko,29.9191667,0.62
Matolu I,29.8808888,0.6166389
Sangyo,29.8708888,0.6106667
Busingya,29.9252167,0.6342333
Kayenze,29.9085158,0.6465065
Maale,29.8795278,0.6430556
Kisegeta,29.9266667,0.6238889
Musololo,29.93,0.6049999
Ngumwa,29.8505279,0.5722779
Kamango,29.8876252,0.6642657
Kalonge,29.8560557,0.5912499
Bambausu,29.8884722,0.6031667
Kasangali,29.9448054,0.5854444
Solia,29.8459167,0.5672778
Mumio,29.8603833,0.6356667
Nsungu II,29.9457,0.6166833
Vutwandara,29.953111,0.5917778
Kalegha,29.94075,0.6353833
Kisuba,29.8678334,0.6098889
Bwisegha I,29.9048166,0.6459834
Mwaka,29.8740276,0.5967222
Njiangbada,29.8714167,0.6277222
Kikura II,29.9392778,0.6038611
Kisuba,29.9165167,0.6401
Nsungu IV,29.9358166,0.61085
Ngasa,29.8550002,0.5741944
Mbimba,29.9105556,0.6169444
Mabhale,29.9020554,0.6213889
Kakindo,29.8955002,0.6101388
Katswamba,29.9471666,0.5823056
Kaghema I,29.87775,0.63225
Mbimba II,29.9114446,0.6249166
Kalyavakwenda,29.9501389,0.5974167
Kitindula II,29.8909832,0.6389666
Lughali,29.9279,0.6672167
Ndama II,29.8575832,0.5756333
Luanoli,29.9029723,0.6033889
Kiule,29.8772222,0.5993056
Bwisegha II,29.9002183,0.6491452
Bunditombi,29.8571666,0.5805556
Ndegya,29.8797567,0.6019067
Kaghema II,29.8602833,0.63845
Sungu I,29.9394335,0.6018833
Kitindula I,29.8921835,0.6415832
Kaghema II,29.8669167,0.6422778
Musuku,29.9436667,0.5918611
Matunduluko,29.9362167,0.6538667
Nombe,30.26725,1.3565278
Mafifi,29.6928056,1.2195556
Lalo,30.2794441,1.939167
Linzo 2,29.3130985,0.6062766
Koli,30.48692,1.75704
Bembeyi,30.2916111,1.58825
Arava,30.0551944,1.1591944
Pueblo,30.181667,1.332222
Gbadza,30.2302222,1.9961111
Lobu,30.5492778,2.0268611
Dele,30.2709,1.5222222
Kapiteni,30.2485833,1.9823889
Nongo,30.1283333,1.4708333
Pidja,30.5772222,1.6974722
Kakado,30.1244722,1.2224167
Samboko Centre,29.5009444,0.8564167
Dhesukpa Et Ngaliko,30.48581,1.76533
Atokaka,29.6413889,0.8146667
Kyasenda 3,29.70975,0.0461944
Masikini,30.4963,1.9796389
Malehe,29.51424,0.6373
Kagaba,30.2251111,1.2905278
Kisiki,29.5654722,0.759
Kombokabo,30.1076154,1.4692058
Blukwa,30.6023,1.7479167
Opira I,29.6000557,0.7927222
,29.8205776,1.4096114
Muzipela,30.2484356,1.5871441
Mapiki,29.46662,0.62894
Ndjau,30.3986389,1.9248889
Miala,30.2686667,1.6220556
Soleniama,30.266733,1.6419709
Kalo,30.4788113,1.8602596
Burasi,30.2225,1.0227781
Linga,30.355556,1.541667
Tembo,30.2476111,2.0293889
Hakabo,30.0413889,1.5566667
Gina,30.386675,1.7936139
Opira III,29.6005554,0.8019722
Ndima,30.2402778,2.0267222
Djambi,30.5971111,1.7311944
Linzo sisene IV,29.6028611,0.8058333
Buliki,29.8275278,1.4234444
Dhedja,30.5715556,1.8325556
Kagoro,30.286,1.2530833
Maleki,29.4675839,0.757133
Risasi,30.39275,1.7450873
Aveba,30.0885776,1.212457
Atonza,29.7071665,0.8989444
,29.7631092,1.3666906
Tsilo,30.3650278,1.6678056
Kakuka III,29.7917222,0.9041112
Datule,30.4943598,1.5064965
Andisende,29.5104167,1.3545278
Bambu,30.23662,1.80157
Ngite -kubechi,29.5122231,0.6069283
Jurki,30.6124999,1.701667
Zumbe,30.3194441,1.4702781
Kaswara,30.1138889,1.2353611
Jumbe,30.2138888,1.4499999
Dala,30.1925574,1.9848386
Kulu,30.337,1.6712222
Kasenyi,30.441389,1.390556
Yedi,29.9824042,2.0666081
Bunzenzele,30.0494441,1.6950001
Goba,30.5020679,1.9001458
Maga,30.0553611,1.16625
Kakuka II,29.7845557,0.9071112
Lodgasi,30.3522778,1.9994167
Pimbo,30.469903,1.8449725
Kpolowu,29.723611,0.8980833
Tshayi,30.1813803,1.502465
Rugetsi 2,29.6750278,0.2042222
Saba,30.3749262,1.7563879
Ngite,29.5072725,0.6077451
Mbasa,30.1353889,1.2247778
Mutido,29.8156334,0.8988499
Boya 1,30.0146944,1.4543611
Dhera,30.5843611,1.7122222
Bulemba,29.77475,0.9016667
Makayanga,29.7833889,1.3623889
Kainama II & III,29.8000667,0.8995666
Ndungbe,30.4406389,1.6244722
Linzo 4,29.3166919,0.6051081
Ndoki,30.6097222,1.6688891
Malabo,30.4275278,1.5604167
Ofai,29.6930556,1.2016389
Concord,30.255556,1.5249999
Kongi,30.6088611,1.7028889
Buhuma,30.243056,1.1411111
Mandro,30.3491671,1.6291671
Bochu,30.3508889,1.9939722
Sililo,30.0471809,1.4677954
Bogo,30.3720556,1.7229444
Kakuka I,29.7887222,0.9066944
Ngakpa,30.1765556,1.9913056
Bud'U,30.47709,1.72869
Mamove,29.4412435,0.8241467
Yombiabo,30.0331667,1.5718333
Gina,30.3888082,1.7715922
Nyarara,30.1249167,1.2051111
Bango,29.7653332,0.9023334
Bhilo,30.6608667,1.6735833
Sisa,30.1245833,1.2455833
Mangimo,29.5290833,0.8528056
Sirikani,30.0011108,1.436944
Lopa,30.3396111,1.7372778
Vido III,29.8649444,0.9656112
Magalabo I,30.2301944,1.6480833
Banacongo,29.54125,1.3636111
Vulengi,29.5433341,0.5033159
Ngbala,30.51011,1.71582
Tsubu,30.4328889,1.5665556
Kamatsi,29.9880833,1.1291944
Dzimbu,30.4367222,1.5780556
Loki,30.0858889,2.0679167
Masumbuko,30.5390278,1.7322778
Kaguma/A,30.2522222,1.2933889
Tchulu,30.4396944,1.6168056
Ungwaru Combe,30.1816111,1.9265
Okapi,29.7558056,1.3698056
Golo,30.5977222,1.6761111
Abya,29.7368888,0.8943333
Alosi,30.213333,1.747222
Ndrilo,30.6581667,1.6731111
Mulobya,29.5296389,0.8214167
Ndenge,30.1834444,1.5602778
Kyasenda 4,29.711,0.0468611
Mbulo,30.4051111,1.6830556
Kalibo 1,29.2982337,0.5567436
Kengelu,30.0771111,1.22775
Anzuma,29.7159047,0.7194004
Banikogoro,30.0200609,1.4576303
Budu,30.429,1.9706389
Mayi Safi,29.6899168,0.8978611
Ngalula,29.82425,1.4129444
Nzanganana,29.5501667,0.8092778
Magador,30.257222,1.592222
Muhito,30.2864,1.6466667
Mangango,29.3485183,0.5242737
Dz'Ngu,30.4990556,1.7012222
Tchere,30.2080278,1.5368889
Lolwa,29.4953889,1.3499167
Maze,30.5613056,1.8015278
Niamamba,30.5194439,1.5252779
Loga,30.4111109,1.685278
Mitego,29.9908333,1.1363889
Katirogo,30.2982222,1.6259167
Masambo 2,29.6959167,0.1616944
Mngla,30.3436109,1.933889
Mbandi,30.0933333,1.4530556
Katoto,30.3471944,1.6526944
Kokola I,29.6025556,0.7848055
Kavelega 2,30.30123,1.43508
Mbijo,30.1124999,2.076389
,29.9594441,1.3663891
Dirokpa,30.4324722,1.8172222
Opira II,29.7642222,0.7943334
Ndjangoba,30.6091111,1.6961944
Sesele,29.61825,0.7119167
Masambo 1,29.6869167,0.1628889
Jitso,30.5284167,1.94475
Mambabio,29.5415833,0.8292222
Banbatt,29.9958132,1.4335943
Tchoro,30.5914444,1.7363611
Vunyondo,29.4819722,0.8645556
Niamavi,30.3815,1.3285
Mambesu,29.5055556,1.4066667
Mavivi Matembo,29.4771597,0.565443
Djaba,30.5006,1.9656944
Tungudu,29.6442778,0.7565278
Penie,30.435278,1.565278
Sengi,30.1333611,1.2083056
Mulobia,29.5270278,0.8044167
Joo,30.608069,1.6000499
Killomine,30.121389,1.795833
Pitso,30.4491944,1.82875
Kogro,30.3050002,1.2394439
Kafe,30.5425381,1.5597176
Bovadhega,30.2394442,2.037222
Boya 2,30.0287222,1.4531111
Gboro,30.4253609,1.8126314
Ofaye Otto Maber,29.5880556,1.0755556
Drakpa,30.2605556,2.0145833
Djugu,30.503844,1.915247
Ibanda,29.8559833,0.9267833
Rawampara,30.1749998,1.541667
Badya,30.0258331,1.481389
Kparaganza,30.4324444,1.6623889
Koga,30.342222,1.261667
Kokola III,29.588611,0.7917777
D'Datsi,30.3167222,1.6848889
Linzo sisene III,29.6038056,0.8119167
Ngambili,30.0763889,1.4533333
Mapobu,29.6086667,0.7113056
Bedu-Ezekere,30.29757,1.43053
Koda,30.6119444,1.7155278
Kalibo 2,29.2952981,0.5623544
Bassa,30.4889417,1.8905472
Chele Chele,30.2424998,1.5400001
Komanda Helipad,29.7077782,1.277222
Ukelokpa Tibi,30.3209167,1.9698056
Kalanda,30.3883333,1.6517778
Lengabo,30.1996868,1.501687
Mandro,30.4066389,1.6761667
Kawango,30.137,1.21125
Bosejorc,30.2811109,1.565
Sayo,30.02068,1.94337
Mangiva,29.8327033,1.4280318
Tchey,30.6525833,1.6761667
Mayimoya,29.5697222,0.7702778
Makabo,30.2223387,1.5138263
Kobu,30.2033329,1.826944
Chini ya kilima,30.03084,1.36249
Tche,30.5230561,1.6669439
Maleki-Mamove,29.5021448,0.7180771
Zanyo,30.4848792,1.8829753
Abialose,29.6210833,0.747
Rugetsi 1,29.7153056,0.2220278
Ndjatso,30.48581,1.7168
Mbutama,29.43345,0.62279
Mochunga,30.3400001,1.2905559
Kisui,29.8611166,0.93695
Khodeza,29.985556,1.3383329
Drodo,30.5455561,1.7522221
Makoyoba,29.6208889,0.8426667
Soke,30.202222,1.3213891
Pangapanga,30.3904703,1.7725434
Kokola II,29.5866943,0.7804722
Bambe,30.2933329,1.592778
Rudjoko/A,30.2134722,1.2702222
Zekere,30.3241669,1.5202781
Ndjanga,30.3612644,1.7597591
Judjo,30.50733,1.7168
Rudjoko,30.2235556,1.2775556
Alpha,30.213333,1.5638889
Uchibire,30.2478611,1.9891389
Marabo,30.0033254,1.4425735
Bau,30.3725,1.7319722
Sayuni,29.4779444,0.8881667
Saliboko,30.112222,1.7541669
Nyampala,30.4345867,1.8177408
Kolikoko,29.4803,0.73014
Mayaribo,30.1713889,1.4726944
Vami,30.03075,1.6087778
Likpi,30.426944,1.9361109
Monobi,30.1358056,1.2324444
Tsutsubo,29.6209722,0.8427222
Singo,30.4553889,1.6798889
Bunake,29.6548056,0.8619167
Irumu,29.874835,1.4528292
Vido II,29.8775279,0.9382501
Nyamussasi Port,30.4667363,1.4167489
Salibhoko,30.4742778,1.6841944
Medu,30.1872218,1.3686111
Kandate,29.4999167,1.3519722
Kilo,30.121389,1.8116671
Largu,30.5491667,1.7434444
Sindabo,30.1972219,1.396944
Iga Barriere,30.3041111,1.7356944
Mukiro/A,30.1988333,1.2654167
Boa,30.433333,1.530556
Chemadji,30.2342778,2.0334444
Makombo,30.1657778,1.6096944
Bi,30.4120278,1.7101111
Bilimani,29.6027222,0.8189167
Rwampara,30.226431,1.619806
Uweci,30.3714444,1.9532222
Chai,30.1643539,1.502919
Lomande,30.3644167,1.7324444
Manzati,29.7736387,0.9016944
Tshadhu,30.5734167,1.6888056
Makembi,29.5654723,0.8261389
Kyasenda 1,29.7005278,0.04875
Gotti,30.40725,1.7118333
Kyavisimi,29.2533465,0.5176699
K. Rubingo,29.9397218,1.0622219
Vido I,29.863111,0.9443611
Ngabu,30.5750556,1.7056944
Muzirandulu,29.8383502,0.9089333
Dzunde,30.216389,1.4347219
Tagka,30.3977779,1.337778
Linzo 3,29.3182108,0.6074857
Liu,30.49321,1.73725
Borokpa,30.31352,1.44434
Kavelega 1,30.30344,1.43044
Penja,30.2606944,2.0043333
Largo,30.5419439,1.745556
Matafu,30.0346111,1.1756944
Kanyasi,30.2206667,1.5744167
Upenji,30.205785,1.9442349
Marabo,30.0250001,1.466667
Loko,30.6481667,1.7131944
Kitsimba,29.8384499,0.91155
Mabanga,30.2866672,1.8875001
Dhadha,30.382,1.7341389
Kazaroho,29.6562776,0.7062778
Matumini,30.1730278,1.6427222
Singoma,30.0772222,1.4532222
Dz'Kpa,30.47861,1.73793
Katorogo,30.0536389,1.1891944
Kamungu,29.6770554,0.8791111
Djaro,30.49899,1.76035
Chuchubo,29.6474722,0.8100833
Olungya,30.1208332,1.324167
Capoca,29.5175,0.83125
Saintave,30.241111,1.599444
Tsigbi,30.2375,1.6623611
Bukaringi,29.4999998,1.133333
Dima,30.2499167,2.0049444
Gokalu,30.5156389,1.9309722
Magalabo II,30.2279722,1.6636944
Kinyombaya,30.1936944,1.2664167
Ngazu,30.1749998,1.4805561
Djitofu,30.0338831,2.0174431
Budza,30.6566111,1.6734722
Tshabi,29.8772,0.9806111
Ngona,30.1906111,1.5329167
Ndromo,30.233056,1.9388891
Kaya,30.0806337,1.4635763
Unga,30.489,1.89275
Tsanda,30.1794444,1.2639167
Maibo,29.5613571,0.7422356
Wiri,30.4125001,1.9277779
Lesse Abatonga,29.7395557,0.91175
Kyasenda 2,29.7071111,0.0482222
Gbitihi,30.5986111,1.7314444
Linzo 1,29.314197,0.6085608
Aginzi,30.2011111,1.2716111
Linzo sisene III,29.6053333,0.8177222
Nyankunde,30.03342,1.432
Kpangavi,30.4152778,1.70125
Mamunjoma,29.6711524,0.6828713
Totoba,30.2931111,1.5620556
Kindia,30.2580556,1.5370556
Mavivi,29.4865604,0.5875915
Dzadzu,30.5061727,1.9046007
Sabe,30.5024776,1.5112397
Jt Ghat,30.5250001,1.5333329
Kpadole,30.3666944,1.7576944
Loka,30.5829167,1.7321389
Geti,30.1743285,1.2092449
Babukucha,30.25889,1.52334
Nizi,30.2872219,1.768333
Olongba,30.1255501,1.330855
Bau II,30.4012778,1.6610833
Bambuba Kisiki,29.5695,0.77611
Banyarikilo,30.071111,1.791667
Ngamu,30.4843056,1.9286944
Atokaka,29.6233056,0.7966944
Bolonzabo,29.9594441,1.364444
Zatchoni,30.5166389,1.6897222
Boga,29.9556787,1.0253211
Linzo sisene I,29.60625,0.8314167
Wadda,30.49819,1.7393
Ndenge,30.0309001,1.4602087
Kambi Ya Yua,29.8123333,0.7896112
Bancele,30.1944442,1.376667
Kigwene,29.231806,-1.103381
Kasesero,29.1763822,-0.984252
Murangara,28.955938,-1.419793
Kinyeere,28.7474969,-1.3652209
Kabati,28.9514351,-1.189047
Kagando,29.2836668,-1.101
Buganza,29.5966102,-0.8454163
Mushaki,28.9818169,-1.5330549
Bwalanda,29.1217871,-0.982202
Loashi,28.7918831,-1.360502
Kivuye,28.9090904,-1.1191569
Nyabirehe,29.6199518,-0.809411
Bishusha,29.1252848,-1.2642791
Bulengo-Mugunga,29.1390599,-1.6074901
Butare,29.249861,-1.15275
Lwibo,28.7490629,-1.2570559
Missoke,28.6632382,-1.094524
Katoro,29.1534671,-0.99552
Kanzenze,28.9627538,-1.352491
Ngwenda,29.427336,-1.0451657
Lushebere,28.8625478,-1.4067061
Minjenji,28.8503219,-0.9658031
Musingi,28.9311578,-1.194378
Burindi,29.1416389,-1.275556
Kitsule,28.861942,-1.41493
Kaninda,28.8964199,-1.1914389
Kaandja,28.711633,-1.340531
Bweru,28.9403201,-1.1074276
Nyakakoma,29.6036201,-0.56909
Luve,29.1111541,-1.0949739
Kasenga,29.4608635,-0.976233
Kisuma,28.8736139,-1.472732
Muhongozi,29.0347628,-1.1620161
Kibingu,29.1941741,-0.94879
Kirolirwe,29.0191,-1.4006
Buramba,29.5584584,-0.9292675
Osso,28.921612,-1.5279861
Kabare,29.0006897,-1.1590666
Birega,29.2085561,-1.246333
Busenene,29.2454719,-1.1896671
Mulimbi,29.2041112,-1.239083
Busoro,28.7634499,-1.3701041
Butumbalonge,28.9104368,-1.22115
Gigoro,29.549389,-1.317389
Nyahurengi,29.5985092,-0.8062613
Mbuhi-Pilote,29.0063843,-1.079608
Ngesha,28.77682,-1.363218
Kashuga,28.9902762,-1.0552429
Rwindi,29.2925678,-0.7887231
Karambi,29.5537781,-1.167917
Katsiru,29.1079591,-1.12124
Lwibo,28.7444171,-1.262633
Mihara,28.9698478,-1.086844
Kizimba,29.0923189,-1.248076
Busihe,28.9249571,-1.339187
Bukama,29.0355736,-1.1129448
Kisharu,29.5295292,-0.9567712
Rushinga,29.001856,-1.4160499
Kiwanja,29.4312218,-1.157667
Kinyumba,28.734727,-1.2818911
Kubudanda,29.041664,-1.146129
Kirima,29.1924079,-0.982342
Lusogha,29.1121377,-0.8060669
Nyakariba,28.9888891,-1.375278
Rwarema,29.5120559,-1.2794439
Rubaya,28.8744138,-1.5472334
Maliba,28.9243501,-1.2267981
Mihanga,29.0174627,-1.3813063
Nyamirama,29.614477,-0.826397
Katwiguru II,29.4928999,-0.955207
Mitumbala Centre,29.0118333,-1.5588889
Kashalira,29.1662348,-0.986413
Burora,28.733454,-1.3583991
Malemo,28.8814388,-0.986119
Bukonya,29.2429721,-1.132694
Burungu,29.0255,-1.32989
Nyakahanga,29.5439872,-0.9956243
Bihambwe,28.8892367,-1.5163327
Lungu,28.9074409,-1.197237
Kiseguru,29.4370733,-1.0150404
Lushoa,28.7548898,-1.3678621
Rujagati-Misinga,28.9937088,-1.064585
Kalunda,28.9239091,-1.209458
Lulimbi,29.67152,-0.5099039
Bambu,29.2271987,-1.0826459
Rushoga,28.9596667,-1.57825
Kinyandoni,29.4343658,-1.0787767
Rugogwe,28.9690769,-1.183364
Kanyanza,29.2631463,-1.5905201
Bwera,29.3870979,-0.6872082
Binja,29.466319,-0.9715768
Kausa,28.9807668,-1.4380168
Ruza,29.2410101,-1.12507
Katale,28.847543,-1.4377361
Chogero,28.9055729,-1.192887
Nyanzale,29.113547,-1.021331
Kibumba,29.3478059,-1.4769169
Rwanguba,29.5113571,-1.243209
Niacajanga,28.9223651,-1.5272349
Kaseke,28.654151,-1.118321
Bushenge,29.0026672,-1.0743334
Rugebere,29.2096019,-1.0013421
Kahira,28.9223777,-1.2612427
Burumbi,28.6746408,-1.0766094
Kirumba,29.28654,-1.08075
Muheto,28.9481681,-1.339193
Rusave,28.9571955,-1.0971353
Maymoya,29.571111,-0.7766669
Singa,29.1230971,-1.041875
Katembe,29.0301113,-1.5003611
Matebe,29.4848579,-1.245678
Mukohwa,28.794172,-1.373416
Gahinga,28.886773,-1.188925
Tongo,29.2785847,-1.2084914
Murambi,28.9915833,-1.5829167
Kabasanza,29.5197779,-1.2953889
Luke,28.7318233,-1.5049885
Lukweti,28.744677,-1.2160539
Burai,29.4308888,-1.2003611
Kibutu,29.4374008,-1.0981238
Loashi,29.0272219,-1.396667
Rubare,29.4064708,-1.2292774
Nyabiondo,28.7310931,-1.3123729
Busumba,28.9780628,-1.176288
Mukumba,29.500619,-0.9576881
Katobi,28.801022,-0.9633189
Buma,29.5645388,-0.98921
Mutero,28.539891,-1.2628271
Rugoma,28.6749551,-1.048688
Kabalekasha,29.0371,-1.3184101
Nyamilima,29.566521,-0.8831012
Kitembe,29.1605558,-1.276167
Kisigari,29.3637218,-1.381083
Budey,29.1030168,-1.2588011
Kazinga,28.9326111,-1.6100833
Kalembe,28.9383001,-1.02524
Rugebeshe,29.1149611,-1.1351871
Murambi,29.023861,-1.5349444
Mabenga,29.3492999,-1.0119991
Kishee,28.7410072,-1.278585
Misinga,28.9694399,-1.0551257
Munguli,29.1459308,-1.0553369
Myanzi,28.9328722,-1.9201278
Minova,29.0242667,-1.7077861
Bishange,28.9964441,-1.724139
Nyabibwe,28.9397472,-1.9210778
Chanyi,28.975425,-1.9104306
Gasunyu,29.0540833,-1.7311084
Busisi,29.0076667,-1.7103056
Katahandwa,28.8562222,-1.6762222
Kalungu,28.9989161,-1.7674415
Numbi,28.8937206,-1.7876914
Kayirenge,29.0033333,-1.7381111
Bitonga,28.9649589,-1.7081721
Kabulu I,28.9451556,-1.9231444
Butondo,29.026,-1.7003056
Kitembo,29.0716389,-1.6415278
Mitoyo,28.8354444,-1.6611111
Kalungu,28.987175,-1.7612965
Bubale II,28.9913222,-1.8668944
Mukwija,28.986075,-1.8818694
Ngungu Centre,28.8766667,-1.6573611
Shasha,29.0161075,-1.6224821
Muchibwe,29.0610056,-1.6694694
Buzove,29.2442501,-1.647833
Bishasha,28.8700278,-1.6408889
Nzulo,29.1556919,-1.6205601
Kihindo,29.0298571,-1.6299399
Bubale I,29.0082222,-1.8007111
Kiluku,29.0082039,-1.6413941
Lushebere,29.001142,-1.6827636
Bweremana,29.0166965,-1.6763594
Nyamubingwa,29.0284229,-1.638408
Buhanga-Bukobati,29.0282334,-1.6494853
Kimalamungo,29.0638639,-1.9496361
Lukonde,29.0735028,-2.0973944
Mulamba,29.0836139,-2.0190778
Bukole,29.0702732,-1.9736966
Ngula,29.0575547,-2.0800215
Kishenyi,29.0992545,-1.9550265
Lweza,29.0706675,-2.089808
Kishumbu,29.0983415,-2.0386679
Kamole,29.0567615,-2.0092903
Buyumbu,29.0806724,-1.9456612
Kashiraboba,29.0655889,-2.0726278
Kihumba,29.0878935,-1.9481487
Bukinanyana,29.0931889,-2.0464861
Bushonga,29.0834972,-2.0278472
Kamole,29.0464388,-1.9896397
Bulega,29.0669028,-2.070425
Tchugi,29.0974639,-1.9386389
Kagushu,29.051625,-2.0895389
Lukando,28.5063806,-2.0272722
Buku,28.5859084,-2.0547072
Mafuo,28.5850639,-2.0930389
Maibano,28.6165028,-2.0959444
Murangu,28.7117744,-2.0408412
Katobolo,28.6382266,-2.0732103
Kambululu,28.8887778,-2.0880833
Buoro,28.6463639,-2.0872083
Kaundju,28.37025,-2.0937222
Tchigoma,28.6921194,-2.0462639
Cigera Munanira,28.90275,-2.09064
Nyamisimaulo,28.6494969,-2.0714611
Nyamutwe,28.8370556,-2.0442222
Munyandjiro,28.6166,-2.0941417
Chasheke,28.8370556,-2.0644167
Tubondo,28.59587,-2.0729116
Munguahwere,28.9040833,-2.0844167
Karali,28.5856889,-2.0703111
Kanyunyi,28.910236,-2.0042955
Ufamandu,28.3370556,-2.0644167
Lushebera,28.9223556,-1.9588111
Biragorago,28.8910278,-2.0935
Ebisha,28.5513269,-2.0805624
Lushebera,28.9099056,-1.9786556
Chabondo I,28.9056111,-2.0121944
Lwasha,28.5503053,-2.0720711
Cifumbi,28.637275,-2.0214667
Mishamba,28.5530461,-2.0825186
Mukaba,28.5823944,-2.084325
Rukumbuka,28.9211389,-1.9551111
Makwe,28.4597222,-1.9136111
Kusisa,28.7268861,-1.8156778
Kisha,28.7255639,-1.7984972
Kafikira,28.2166672,-2.0761109
Minganzi,28.4734556,-1.9801194
Batayo,28.7298157,-1.8402566
Buanda,28.3715,-2.0581944
Kashewe,28.4725,-1.9713889
Mushafe,28.3584167,-2.0820556
Muhongoza,28.9069167,-2.0976667
Kabenga,28.4681897,-1.9527335
Chabondo II,28.9,-2.0212222
Mukowa,28.4530556,-1.9225
Bora Uzima,28.3779444,-2.0637222
Ramba,28.7138778,-1.9832944
Kichanga,28.3413889,-2.0559167
Kabondo,25.2131758,0.5192154
Bogoro,30.2800319,1.4086756
Cellule Abedi Ojenga,28.0753735,-1.4224192
Cellule Baroba,28.0819764,-1.426653
Cellule Capsa/Cacao,28.0767904,-1.4278795
Mubalaka,28.0886821,-1.4177925
Cellule Shekalese,28.0770711,-1.4418622
Cellule Fonds Indigène,28.0776801,-1.4401655
Cellule Cité 1,28.0794556,-1.4411872
Cellule Nsuru,28.0787535,-1.4415825
Cellule Kamina,28.0812737,-1.4403317
Cellule Cité 2,28.0813085,-1.4426585
Cellule Henri Primo,28.0823248,-1.4446954
Cellule Kamisuku,28.0727138,-1.4143572
Cellule Katimbatimba,28.0690788,-1.409521
Cellule Kilongalonga,28.0712023,-1.4119807
Cellule Kinbanguiste,28.0699251,-1.4132156
Cellule Mombo,28.0718752,-1.4328707
Cellule Camp Mpemba,28.0822641,-1.4343665
Cellule Kibangala,28.0816331,-1.4293835
Cellule Butakuya,28.0651251,-1.4219138
Cellule Kinkambe,28.0625613,-1.4252681
Cellule Nsele,28.0661203,-1.4198403
Cellule Kailenge,28.0839267,-1.4238917
Quartier Majengo,28.0676653,-1.4300859
Cellule Mubi,28.0736745,-1.4202987
Nyalimbala,28.0718503,-1.4202261
Loholo,24.3236683,0.7117033
Yalanga,24.3594392,0.516546
Yandja,24.2807986,0.7511681
Yaniongo,24.2552981,0.7473604
Yatolema,24.5363789,0.4101748
Yanonge,24.7173107,0.5929039
Moma,24.152942,-1.572835
Elinga-Mpango,24.2212821,-1.9905011
Baluku,25.5804862,-0.7899914
Katuku,25.6386879,-0.805007
Lusungu,25.6593254,-0.8082014
Salisali,26.2481786,-0.8403186
Rumangabo,29.3679128,-1.3497782
Kanyabusoro,29.440294,-1.2707891
Kalengera,29.3979794,-1.2567163
Kabaya,29.4001252,-1.3403368
Batiabongena,25.264897,0.6014138
Batiambale,25.2600435,0.594887
Batiamaduka,25.1886175,0.6420488
Madula,25.3732709,0.4657306
Mugwambuli,25.2972068,0.6314961
Baleke,25.2955022,1.0162945
Balila,25.207606,0.9102853
Bangwade,25.2356525,0.9926224
Basulotje,25.2584497,0.7875477
Boliambe,25.2493803,1.0157164
Yakusu,25.0245553,0.5734379
Yasangi,25.2334636,0.8196487
Bogabo,28.7965379,-1.4903926
Bulwa,28.760176,-1.4595927
Buniole,28.9648998,-1.5061584
Gitovu,28.9350622,-1.4744458
Kabarera,28.9828516,-1.4462481
Kahundu,28.9103497,-1.4907384
Kalonge,28.9032457,-1.3810392
Kibirangiro,28.772295,-1.4259639
Kibirwa,28.9762244,-1.4714904
Kiniasi - Matanda,28.9403285,-1.5418976
Kitumbili,29.03565,-1.5937373
Kongo - Matanda,28.9098287,-1.5272158
Masisi,28.8170537,-1.3972123
Mindi,28.7969098,-1.4479107
Mukaka,28.9485072,-1.4415096
Mumba,28.880908,-1.4566343
Mutanda,28.9598167,-1.3839816
Nyokariba,28.9734547,-1.3706802
Bihundo,29.3050233,-1.3526844
Bubugana,29.4041273,-1.3818476
Bugembwe,29.0737472,-1.5063599
Buhumba,29.3486974,-1.5267773
Bulenggia,29.3262262,-1.5953017
Bungeshi Mukuru,29.3850434,-1.543801
Busangara,29.0708007,-1.5181757
Hibumba,29.3482462,-1.5067589
Kabati,29.374877,-1.358123
Kanombe,29.3845746,-1.3959561
Kimoka,29.0617312,-1.5470501
Malyaso,29.3575319,-1.4106163
Moboga,29.3899358,-1.3749115
Rugaramg,29.3548628,-1.5755755
Rugari,29.3766116,-1.4121138
Bibama III,28.5482873,-1.4732106
Bikaniro,28.9133019,-1.5930559
Bitango,28.8396524,-1.5287576
Bokanda,28.8578482,-1.262871
Buhimba,28.6029285,-1.3624448
Bukumbi,28.7789035,-1.5518136
Elangira,28.5481693,-1.4533832
Kabonga,28.9357501,-1.5667475
Kakungwe,28.6678035,-1.4783393
Kalonge,28.7081573,-1.419414
Kangati,28.6066851,-1.3419979
Karambi,28.7717195,-1.5350571
Kasiro,28.6501784,-1.3835593
Kiangirsi,28.6053533,-1.522332
Kibabi,28.8367536,-1.5519396
Kibira,28.799746,-1.2442223
Kigizi,28.9406532,-1.2429622
Kikoma,28.6822347,-1.5539554
Kikuningulwa,28.6182889,-1.3919049
Kilembo,28.7427782,-1.2282196
Kinene,28.5758396,-1.5703446
Kinigi,28.791255,-1.5321593
Kirumbu,28.936368,-1.2120907
Kishomja,28.8930268,-1.2841854
Kitabo,28.5926346,-1.4653166
Lufama,28.5722061,-1.5434984
Mayo,28.6209816,-1.5518136
Mianza,28.6208936,-1.4478362
Mitwa II,28.5603535,-1.4090133
Mitwa,28.5937456,-1.3858126
Mumba,28.8810303,-1.5865247
Nabura,28.8771315,-1.216501
Ngenge,28.5757974,-1.3699559
Ngoi,28.5916155,-1.5033074
Shango,28.8620073,-1.2846697
Tshandaka,28.6238451,-1.4373322
Kashebere,28.672766,-1.3122286
Butemura,29.4598955,-1.2965116
Kabizo,29.2318988,-1.1639872
Kahunga,29.4016315,-1.1263838
Katoro,29.4395179,-1.1132271
Kibati,29.2801698,-1.5696969
Monigi,29.2513549,-1.6331524
Rusayo,29.183514,-1.5787898
Rutshuru,29.4461316,-1.1869031
Matshumbi,28.6499999,-1.666667
Pinga,28.7019817,-0.9839568
Busangara,29.0442145,-1.5186481
Ihusi,28.8988222,-2.0694902
Bulenga,29.091493,-1.6247479
Katale,29.0689109,-1.642469
Kirotshe,29.0313195,-1.6130505
Bubotyo,29.8,0.1
Bugiri,29.666667,-0.85
Buhoma,29.6,-0.966667
Bujerere,29.963895,0.632954
Bundibundu,29.983333,0.833333
Bundiwirima,30,0.816667
Burondo,30.1738666,0.8666201
Busanza,29.616667,-1.2
Butogo,29.966667,0.733333
Bwanjebe,29.616667,-1.333333
Bweramule,30.2123079,0.9661847
Ibimbo,29.883333,0.1
Itojo,30.2241927,0.8420092
Kabwema,29.733333,-0.45
Kachulagenyi,29.65,-0.95
Kahondo,30.3047003,1.0268255
Kakuka,29.9787967,0.5911445
Karambi,29.75,0.05
Kashesa,29.65,-0.8
Katobi,29.716667,-0.566667
Kinanira,29.600556,-1.190833
Kitahulira,29.683333,-0.983333
Kitojo,29.766667,0.116667
Kyabikere,29.75,0.1
Kyesero,29.6,-0.916667
Makondo,30.3,1.083333
Mamirimi,30.083333,0.883333
Mpondwe,29.765,0.095
Namigoye,29.683333,-0.833333
Ntungamo,29.65,-0.883333
Nyakisamve,29.65,-0.566667
Nyalutembe,29.583333,-1.133333
Nyankonde,29.966667,0.616667
Rwamabale,30.1873192,0.9038786
Rwanzu,29.616667,-1.25
Rwebisengo,30.2732131,1.0507314
Sempaya,30.1724986,0.8458856
Yenga,30.016667,0.85
Kalambahiro,28.9923235,-1.2585886
Bandisende,28.7532897,1.356356
Bunangana,29.595378,-1.313035
hameau,28.179152,-0.9571487
hameau,28.2274819,-1.0107889
hameau,28.3048112,-1.092553
hameau,28.3061536,-1.0929981
village,29.227512,-0.0519724
village,28.3476747,-0.9859376
Bilundule,29.1244291,-0.8565611
Kahande,28.4821153,-1.1463445
Eboyo,28.5811115,1.3994469
Bapukeli,28.6161999,1.3906651
Babama,28.6787511,1.4269074
Vulumbi,29.3012858,0.1149844
Bwindi Park Gate,29.6164406,-0.9858312
Nkwenda,29.6165278,-0.9842263
Kakarti,29.6312542,-0.9465385
Kyandago,29.6354357,-0.9451933
Buhoma,29.6143877,-0.9673749
Kanyashande,29.6187897,-0.9467873
UWA Briefing Point,29.616151,-0.9876099
Bisie,27.7369089,-1.0504341
Murole,29.6244207,-1.0567009
Yafunga,24.352959,0.7341618
Yalufi,24.4020197,0.7411432
Yaekela,24.3078667,0.7812145
Nkuringo,29.6251989,-1.0784846
Lowa,25.8138696,-1.3952586
Kowe,25.8175077,-1.6535893
Banataba,25.4175226,-0.4448806
Lilo,25.4275433,-0.6186373
Kilindi,25.6767098,-1.1620227
Île M'Bie,25.8024481,-1.3436086
Kisobi,25.3335899,0.0114033
Kabeta,25.3968705,-0.1393863
Maliabo,25.3448981,0.0104377
Mokobe,25.3647602,-0.0585576
Mongbwalu,30.0458305,1.9368525
Shari,30.1902792,1.5669841
Makeke,29.2871668,0.614202
Mulango,30.4803977,1.2064619
Kyavinyonge,29.5537929,-0.1516443
Mweso,29.0425934,-1.1274261
Butogo,29.9728094,0.7240626
Koki,28.6991391,1.3980111
Bafwabango,27.8228705,1.7496027
Bafwambaya,27.8155998,1.7192821
Yindi,27.695487,1.5911181
Mamopi,28.4727115,1.4109479
Melebwe,28.7769674,1.3388802
Tolitoli,29.4065193,1.394791
Île Kishushu,29.021433,-2.0943983
Île Shushu,29.0018337,-2.0132712
Nteko,29.6069425,-1.0654595
Nord-Kivu,28.7061945,-0.5645647
Ituri,29.4980774,1.8330623
Tshopo,25.1651226,0.4991493
Pawa,29.6332643,2.1167429
Kanyasi,29.389569,-0.0330259
Pfunda,29.3096748,-1.7107914
Kitumbiro,29.1899546,-0.2677001
Lusogha,29.1122261,-0.8208428
Butalongola,29.1630283,-0.742335
Bulindi,29.1353971,-0.7563688
Kirumba,29.1885684,-0.5597066
Nyamyumba,29.314376,-1.7048306
Nyabugando,29.7374552,0.0237185
Kyempara,29.7504346,0.0055003
Robinville,28.8208073,2.125964
Buyankiri,28.5731185,-2.091541
Chambucha,28.426293,-1.7977992
Hombo,28.4504702,-1.8680928
Mayuwano,28.377604,-1.7328535
Mabimbi,28.3591864,-1.697582
Kirima,29.1173556,0.1883202
Motokolea,28.765504,0.357843
Ngoma,28.761479,0.350198
Manguredjipa,28.765479,0.353433
Mbunia,28.8993083,0.4508765
Zacharia,28.8865327,0.3207906
Kighutu,29.8790665,0.1079469
Butungama,30.27353,1.0844296
Kyabukunguru,30.378148,1.1121048
Kibuku,30.2384234,0.9389691
Karambi,30.1947266,0.8546084
Nyarurambi,29.6802546,-0.9571324
Bujengwe,29.6682026,-0.9284191
Byumba,29.6945061,-0.9266525
Nyamiyaga,29.6640058,-0.9224578
Karangara,29.6701974,-0.9027778
Rutendere,29.6501654,-0.9232745
Katembe,29.6508442,-0.945554
Kyajura,29.6694062,-0.8667953
Bushoro,29.6668168,-0.8358861
Nyabirehe,29.6452435,-0.8072787
Kihembe,29.6621669,-0.8051063
Mutabagwe,29.6802213,-0.8136528
Mulo,29.2648101,-0.1282095
Nihima,28.6631326,-1.5042
Kikuku,29.0629537,-0.9746438
Mirangi,29.1004129,-0.8932213
Kiahala,29.0663987,-0.9340155
Lusuli,29.0883284,-0.930454
Yandjali,24.1431749,0.6566762
Yamfira,24.1852855,0.6822735
Yankeleli,24.2541218,0.7619502
Camp de déplacés de Mpati,28.9063996,-1.1506632
Kalengera,28.9328487,-1.1885555
Nyange,28.8538287,-1.1472428
Notre Dame de YANGAMBI,24.4573353,0.7994802
Weko,24.4885254,0.9952104
Yalofa,24.4795346,0.9499198
Yalokombe,24.7894853,0.5854597
Yalongosa,24.6984485,0.6279301
Weko,24.4883537,0.994953
Yalofa,24.4791269,0.9498072
Bayanguma,25.2095702,0.7214335
Mbangbungbuze,25.2349144,0.8279745
bayaso,25.2310051,0.8120961
Bobanza,25.331765,2.0136306
Mahanga,28.670155,-1.3559512
Bunagana,29.6034336,-1.2938735
Bukombo,28.771482,-1.3300997
Obaye,27.7301199,-1.3396143
Kabasha,29.3720867,0.3776992
Buganga,29.0101944,-1.7275209
Katale,29.3683156,-1.3389458
Ziga,30.7532349,1.7598578
Songa 1/Moya,30.7429747,1.7406039
Songa 2/Mbili,30.7384124,1.7294446
Tara,30.729987,1.7122738
Cacagba,30.7124836,1.7002587
Muvaramu,30.6980903,1.6913151
Cango,30.6831945,1.6817417
Von,30.6707243,1.6720247
Mangodomu,29.3665981,0.5200684
Kyanzaba,29.3177912,0.5324412
Mboso,29.3224071,0.5433903
Kalibi,29.2957257,0.5589924
Mangodomu Deuxième,29.3250791,0.5666241
Manyuba,29.3276902,0.579897
Linzo,29.3164237,0.6071724
Mangina,29.3073265,0.6038107
Maosiama,29.286378,0.6217078
Mandumbi,29.3679344,0.7298032
Matula,29.243561,0.5600322
Mangole,29.2601096,0.5635847
Mambabwanga,29.2908451,0.5323101
Bomili,29.2786199,0.5333259
Mambabwanga III,29.2747408,0.5266547
Baka,29.2686617,0.5241894
Mikili,29.2650818,0.5222118
Mabulengo,29.2630983,0.5213741
Kaukabo I,29.261827,0.5207287
Mbumé,29.2646081,0.5182149
Mbumé II,29.2616113,0.5171901
Kaukabo II,29.2537558,0.519605
Buyuma,29.248639,0.5157179
Saha,29.2122005,0.4644141
Mabalako,29.2106874,0.4612573
Kasuku,29.2053263,0.4487234
Buna,29.2856382,0.4728176
Buna II,29.2773685,0.4698153
Irango I,29.2856583,0.509045
Moseli,29.2002919,0.5484447
Mambale,29.2623797,0.4669169
Visiki III,29.2363953,0.4544462
Visiki I,29.2300982,0.4594034
Visiki II,29.2226468,0.4591464
Cantine,29.2438838,0.4582561
Mighobwe,29.1863187,0.5653181
Bela,29.2568307,0.6225278
Masali,29.2542559,0.6284608
Lukaya,29.2460634,0.6923647
Njiambili,29.2448713,0.704592
Paida,29.5003234,0.4745779
Mununzi,29.2412151,0.5933395
Mangwengwete,29.2354048,0.5595429
Nyaleke,29.4924837,0.4768808
Mangolikene,29.5003182,0.4708042
Talyata,29.5049193,0.4674524
Buitse,29.5051319,0.4747829
Manzua,29.3651275,0.5668923
Molende,29.3579403,0.6012326
Burutsu,29.3881765,0.5713701
Bunzi,29.3867851,0.505346
Kasinga,29.4234634,0.5016301
Pandekali,29.2032591,0.5126858
Malese,29.1943649,0.5237724
Masangi III,29.1796673,0.5108385
Aloia,29.1883775,0.5123606
Mangalo,29.1923774,0.5173979
Masangi I,29.1999027,0.5298266
Masangi II,29.1767375,0.5133857
Rumbay,29.1717151,0.5145485
Kiavitondo,29.1925246,0.4955738
Aloi,29.1404251,0.5095889
Vulambayi,29.1878724,0.4335927
Vatanda,29.185042,0.4277546
Kakuka,29.1788149,0.4188959
Musienene,29.25040946,0.02039169211
Masereka,29.322411,-0.1587883163
Luna,29.65940358,0.8605058372